ID,Name,Password,Category,Pref1,Pref2,Pref3,Pref4,Department,Marks,JEE_Rank,Allocated
25008696,Neha Abhishek Kumar,yA6IFsQd1,OBC,IT,TT,CSE,APM,NA,17,46790,0
25063559,Riya Amit Kumar,A1o87yiPa,GEN,IT,APM,CSE,TT,NA,89,47628,0
25077346,Abhishek Mukherjee,mldLOIXG3,SC,TT,IT,APM,CSE,NA,70,1432,0
25017951,Sneha Aishwarya Roy,Hf79UhxeT,GEN,CSE,TT,IT,APM,NA,83,30277,0
25013670,Vikas Arjun Mehta,o2s9yFP8V,GEN,IT,TT,CSE,APM,NA,70,15856,0
25064621,Vikas Rohit Chatterjee,TopdjugyB,GEN,TT,APM,IT,CSE,NA,36,46740,0
25047697,Sourav Neha Chatterjee,YVIETM5oc,SC,TT,APM,IT,CSE,NA,63,24132,0
25049338,Sandeep Sharma,bMGzyKiIH,SC,APM,IT,TT,CSE,NA,62,31780,0
25075200,Rahul Verma,cOTaHkt1L,GEN,CSE,APM,IT,TT,NA,90,9724,0
25025367,Sourav Ghosh,Of8ou0hSl,OBC,IT,TT,CSE,APM,NA,29,20894,0
25043527,Pooja Rahul Singh,OcVuAkRWb,SC,APM,IT,TT,CSE,NA,38,24863,0
25065016,Neha Roy,jYYTHXR9X,OBC,TT,CSE,IT,APM,NA,2,48502,0
25060836,Kunal Chatterjee,vH6NubwFe,GEN,IT,CSE,APM,TT,NA,18,30879,0
25070349,Ishita Shreya Patel,Rs9tsbAaO,OBC,TT,APM,CSE,IT,NA,62,16539,0
25083257,Pooja Abhishek Mehta,OZM3GnNFr,OBC,TT,IT,APM,CSE,NA,38,48601,0
25010654,Ananya Abhishek Das,kU4a6Oe7d,ST,TT,CSE,APM,IT,NA,11,4309,0
25020019,Anirban Anirban Verma,ELqyzeB4p,ST,CSE,APM,IT,TT,NA,3,44769,0
25053640,Vikas Sneha Singh,1BfjyitNL,OBC,APM,CSE,TT,IT,NA,75,7750,0
25041744,Tanvi Neha Dutta,YZxXjP1a8,SC,TT,CSE,APM,IT,NA,6,34213,0
25051387,Priya Mandal,Ogmmefhvz,GEN,CSE,TT,IT,APM,NA,61,14703,0
25046656,Pooja Dutta,22mDuOqSO,OBC,IT,APM,CSE,TT,NA,55,11171,0
25026983,Shreya Nikhil Mukherjee,lKY87H7bJ,OBC,TT,APM,IT,CSE,NA,89,30419,0
25025926,Tanvi Aishwarya Verma,77eFsAUYq,GEN,APM,IT,CSE,TT,NA,17,9360,0
25017275,Kavya Sandeep Kumar,K2xV4R7Co,ST,CSE,IT,APM,TT,NA,24,15257,0
25077177,Sandeep Vikas Chatterjee,8MJp55f1D,SC,CSE,IT,APM,TT,NA,95,24882,0
25064991,Tanvi Tanvi Banerjee,ysXIAapy9,OBC,APM,CSE,TT,IT,NA,24,18840,0
25081630,Rahul Pooja Mandal,e29ZFk2Qo,OBC,APM,CSE,TT,IT,NA,89,38623,0
25064089,Kavya Roy,eUtT2TtEo,GEN,APM,TT,CSE,IT,NA,40,29709,0
25024285,Abhishek Joshi,Kfc4vHdfF,ST,CSE,IT,TT,APM,NA,72,45580,0
25006873,Vikas Rahul Mehta,EEutFbIOQ,SC,CSE,IT,APM,TT,NA,63,11617,0
25058561,Priya Roy,B84yKIJsD,GEN,TT,APM,IT,CSE,NA,67,39738,0
25058115,Priya Nikhil Ghosh,4Pky5SKmd,OBC,IT,APM,CSE,TT,NA,10,34662,0
25057679,Pranav Das,h2P8n60HW,SC,APM,TT,CSE,IT,NA,32,20704,0
25027764,Anirban Ananya Saha,ThYUROqN4,ST,CSE,TT,APM,IT,NA,29,35350,0
25050776,Kunal Iyer,GNsheG8H0,SC,TT,IT,APM,CSE,NA,68,27105,0
25061863,Anirban Swati Agarwal,A1KtNM6Wf,GEN,APM,TT,CSE,IT,NA,59,16662,0
25068835,Kavya Priya Patel,qUMRxYZMX,ST,TT,APM,IT,CSE,NA,8,19995,0
25020711,Ananya Rahul Singh,joSkxzBbI,OBC,CSE,TT,IT,APM,NA,52,21044,0
25010407,Priya Pranav Patel,EEGC85PvH,ST,TT,APM,CSE,IT,NA,63,24254,0
25098902,Ananya Roy,D178CCZJK,SC,APM,IT,CSE,TT,NA,72,41568,0
25049200,Pranav Pooja Mandal,nepVQce2i,GEN,CSE,TT,APM,IT,NA,35,32611,0
25028354,Vikas Chatterjee,MHOEt78mH,OBC,CSE,TT,IT,APM,NA,60,6613,0
25085467,Kavya Saha,xGTHBzZp3,OBC,APM,IT,TT,CSE,NA,18,11348,0
25016327,Ishita Neha Iyer,GAk9NVTAr,SC,IT,TT,APM,CSE,NA,21,302,0
25006254,Aishwarya Verma,yFeLfJKLs,ST,TT,IT,APM,CSE,NA,3,30246,0
25066105,Pooja Reddy,C9LVEPzGB,ST,TT,IT,CSE,APM,NA,82,27678,0
25069997,Nikhil Banerjee,Whjt6pJBD,GEN,TT,IT,APM,CSE,NA,68,3598,0
25075878,Rahul Tanvi Banerjee,b6ciz4nQp,GEN,IT,APM,CSE,TT,NA,98,49634,0
25044577,Sneha Banerjee,h0G8jfCQ6,ST,TT,IT,APM,CSE,NA,6,14925,0
25096070,Vikas Gupta,QHDWi4jDU,ST,CSE,IT,APM,TT,NA,67,46682,0
25010646,Kunal Das,Jy2BD72US,SC,IT,APM,TT,CSE,NA,40,41173,0
25093732,Swati Neha Sharma,OQWoOiqzw,SC,CSE,IT,APM,TT,NA,47,27393,0
25046986,Ishita Agarwal,eTM2B6h91,SC,APM,TT,CSE,IT,NA,61,7034,0
25009162,Riya Gupta,p7VwWc9hh,OBC,IT,TT,CSE,APM,NA,32,8523,0
25074832,Priya Ishita Iyer,1BCtcElIZ,SC,TT,CSE,APM,IT,NA,46,22218,0
25051109,Pooja Kunal Singh,PadQCRx8B,GEN,TT,IT,APM,CSE,NA,0,49786,0
25006739,Ananya Ghosh,pGlYF3v8e,SC,CSE,TT,IT,APM,NA,19,28754,0
25061116,Sourav Saha,6N3x8jbUe,OBC,IT,APM,CSE,TT,NA,46,36473,0
25090307,Vikas Rohit Gupta,3XIasOGOH,ST,APM,TT,IT,CSE,NA,75,46437,0
25008259,Swati Sneha Singh,kmRWhu04h,ST,APM,TT,IT,CSE,NA,31,10919,0
25075610,Kunal Roy,o9soslwYK,ST,IT,APM,TT,CSE,NA,99,45206,0
25054407,Swati Singh,cDCZvFx4k,SC,CSE,IT,TT,APM,NA,85,41987,0
25083280,Rahul Saha,cfJ8jiAH4,OBC,CSE,TT,APM,IT,NA,30,8917,0
25091664,Kunal Aishwarya Mehta,YIFsdqjPj,SC,TT,APM,IT,CSE,NA,96,7267,0
25068155,Priya Rohit Gupta,FH3oygERJ,OBC,IT,CSE,TT,APM,NA,78,877,0
25051062,Anirban Tanvi Mandal,1kv2xBypH,OBC,TT,IT,CSE,APM,NA,47,20236,0
25038681,Neha Ghosh,XwjFimcvj,GEN,CSE,TT,IT,APM,NA,58,46091,0
25096262,Kunal Tanvi Agarwal,jSKFNBQ5N,ST,TT,CSE,APM,IT,NA,10,33972,0
25023183,Neha Kumar,FhLqlEJ0H,ST,TT,CSE,APM,IT,NA,93,17387,0
25003192,Tanvi Riya Sharma,46dWCnzGV,SC,IT,TT,APM,CSE,NA,20,37390,0
25012953,Nikhil Dutta,WOW3dRZtY,SC,TT,CSE,IT,APM,NA,21,16598,0
25035281,Ananya Rahul Iyer,dXVM9Nzpo,GEN,APM,TT,IT,CSE,NA,93,43214,0
25048636,Sneha Amit Mukherjee,rVdLKHjaX,SC,TT,APM,IT,CSE,NA,80,48913,0
25057269,Abhishek Chatterjee,LbZuMUTM8,ST,TT,APM,CSE,IT,NA,20,19166,0
25059462,Shreya Tanvi Ghosh,HDFvifo5d,GEN,IT,APM,CSE,TT,NA,86,22682,0
25073714,Neha Rohit Iyer,LBMrtnVwf,SC,APM,IT,CSE,TT,NA,97,48903,0
25093685,Riya Tanvi Verma,jJxTmutKT,SC,APM,TT,CSE,IT,NA,43,1994,0
25060278,Priya Sneha Dutta,gm89tdqIE,OBC,APM,IT,CSE,TT,NA,100,5373,0
25086806,Arjun Rohit Das,5kCSOnVwR,SC,IT,CSE,APM,TT,NA,18,14257,0
25072183,Riya Patel,l3A322k66,GEN,IT,CSE,TT,APM,NA,87,45372,0
25095712,Swati Amit Ghosh,DdHwmBrAd,ST,CSE,APM,IT,TT,NA,86,28998,0
25017282,Ishita Reddy,AflOeSrEe,SC,CSE,IT,APM,TT,NA,35,10831,0
25063543,Amit Rohit Roy,gOEMlrCVc,SC,TT,IT,CSE,APM,NA,82,26272,0
25077044,Rohit Roy,xZD8bRTV9,GEN,APM,TT,CSE,IT,NA,100,14052,0
25019922,Swati Vikas Roy,Tw4PTyi7q,OBC,IT,CSE,APM,TT,NA,68,37447,0
25023745,Rohit Amit Kumar,jXFWMHjZe,ST,CSE,APM,IT,TT,NA,74,26144,0
25021128,Riya Shreya Agarwal,IKMBSFD9F,GEN,IT,APM,TT,CSE,NA,7,48333,0
25004237,Neha Rahul Roy,B3iItjwqu,OBC,TT,CSE,IT,APM,NA,97,13715,0
25051740,Ishita Sandeep Banerjee,m2855rwPn,SC,IT,APM,TT,CSE,NA,37,18744,0
25061116,Kavya Rohit Dutta,fhPCX8ef7,OBC,TT,APM,IT,CSE,NA,54,9125,0
25000779,Kunal Mukherjee,kEb4cKeWE,ST,IT,CSE,TT,APM,NA,96,9427,0
25091881,Sourav Ananya Mukherjee,CN47MxB1s,ST,TT,CSE,IT,APM,NA,97,34313,0
25083517,Shreya Ishita Das,Z7uSENbPN,ST,APM,TT,IT,CSE,NA,19,41917,0
25044590,Tanvi Ananya Agarwal,smEJ7NMcY,ST,APM,CSE,IT,TT,NA,22,10654,0
25049642,Rohit Arjun Gupta,Ud7vCbDbG,SC,IT,APM,TT,CSE,NA,2,19264,0
25031931,Amit Nikhil Reddy,d9VAsFtWn,ST,CSE,TT,IT,APM,NA,21,33170,0
25044404,Anirban Ananya Iyer,gwdoZZUvb,GEN,CSE,APM,TT,IT,NA,7,36920,0
25056865,Nikhil Neha Verma,UMxzLmZQB,GEN,APM,CSE,TT,IT,NA,53,20052,0
25093065,Pranav Saha,yHZSscX1M,OBC,APM,CSE,IT,TT,NA,34,47608,0
25058351,Nikhil Kumar,PxpRWI4a4,SC,APM,IT,TT,CSE,NA,42,11619,0
25057261,Riya Sourav Mehta,X1CzSXq6B,ST,CSE,TT,APM,IT,NA,94,37639,0
25084115,Priya Das,bALXk6egN,ST,CSE,TT,APM,IT,NA,41,28058,0
25076065,Ananya Vikas Dutta,wade3433G,OBC,APM,IT,TT,CSE,NA,10,28610,0
25090298,Amit Mandal,7tv64xsR6,ST,APM,IT,CSE,TT,NA,85,11807,0
25097109,Swati Patel,QwXTZjpqM,SC,IT,APM,CSE,TT,NA,56,34146,0
25070599,Neha Mukherjee,VA0U5p0il,GEN,TT,APM,IT,CSE,NA,96,38964,0
25012794,Riya Mandal,UJks5Oqds,ST,APM,IT,TT,CSE,NA,7,45795,0
25010507,Rahul Reddy,o3hQWKbGr,GEN,TT,APM,CSE,IT,NA,13,16327,0
25042903,Sandeep Saha,juCzsHN9K,OBC,TT,IT,APM,CSE,NA,55,15439,0
25061740,Arjun Kumar,SIvYausIv,SC,TT,IT,CSE,APM,NA,11,32495,0
25004405,Sourav Verma,XFuGU3k0z,OBC,CSE,IT,TT,APM,NA,44,42682,0
25093138,Priya Reddy,6EBmgOtA0,SC,IT,TT,CSE,APM,NA,19,1213,0
25021725,Arjun Shreya Singh,FA46ktGeG,GEN,APM,CSE,TT,IT,NA,21,12720,0
25025276,Sourav Singh,7A8DXGH4B,GEN,IT,APM,TT,CSE,NA,77,620,0
25058377,Amit Dutta,JUVUSvpRN,OBC,TT,CSE,APM,IT,NA,74,2498,0
25024371,Pranav Kunal Sharma,aAYrP1XTM,SC,APM,TT,CSE,IT,NA,65,14418,0
25063816,Abhishek Roy,Xb5N5a9bN,OBC,IT,APM,CSE,TT,NA,60,20907,0
25071326,Ishita Mehta,sWFbv3mjk,SC,IT,CSE,TT,APM,NA,46,47300,0
25074913,Neha Aishwarya Saha,C6zbH2ubH,ST,TT,CSE,IT,APM,NA,87,12935,0
25019224,Pooja Amit Chatterjee,MvoPgrkjc,OBC,APM,CSE,IT,TT,NA,0,30273,0
25003496,Anirban Banerjee,73gTe9FQu,SC,IT,TT,APM,CSE,NA,61,12105,0
25034993,Shreya Kavya Patel,2CosTL6GZ,ST,TT,APM,CSE,IT,NA,27,25294,0
25008652,Vikas Iyer,UZM20aIlE,OBC,IT,CSE,APM,TT,NA,65,2827,0
25092752,Rohit Agarwal,JsTjpczug,OBC,IT,APM,TT,CSE,NA,52,30432,0
25050149,Rahul Mandal,QkGFvZ5Jp,SC,APM,IT,CSE,TT,NA,14,2871,0
25086883,Shreya Sneha Mandal,kc7kgoriK,ST,CSE,TT,IT,APM,NA,60,10735,0
25016400,Tanvi Ghosh,PIYcx5gSE,GEN,TT,CSE,IT,APM,NA,45,29810,0
25043712,Sandeep Reddy,EK0vwq5JE,OBC,IT,TT,CSE,APM,NA,100,47747,0
25054100,Abhishek Mandal,phUrYDFmW,GEN,APM,CSE,IT,TT,NA,48,34094,0
25052244,Amit Neha Verma,NHCgcFM7W,GEN,APM,CSE,IT,TT,NA,58,22623,0
25041955,Shreya Abhishek Iyer,3W4AY4QU9,SC,IT,APM,TT,CSE,NA,64,6158,0
25042912,Ishita Swati Verma,JCFhO9SwM,GEN,CSE,APM,TT,IT,NA,64,41703,0
25031739,Pooja Mukherjee,SyNCVjdjj,ST,APM,TT,IT,CSE,NA,95,1578,0
25020812,Riya Tanvi Patel,8hci3kMCG,GEN,APM,IT,TT,CSE,NA,58,41795,0
25072691,Sneha Ishita Reddy,Rp6SIxrpH,ST,CSE,IT,APM,TT,NA,55,34526,0
25011019,Pooja Priya Mehta,Io1oYKBCq,GEN,CSE,APM,IT,TT,NA,52,7722,0
25020086,Neha Priya Reddy,0ZhasEYky,ST,APM,IT,CSE,TT,NA,86,31589,0
25001803,Anirban Nikhil Ghosh,8NKl220mM,SC,TT,CSE,APM,IT,NA,11,45176,0
25008552,Arjun Tanvi Mandal,jKdxODoC7,OBC,APM,TT,IT,CSE,NA,36,5634,0
25015532,Pranav Pranav Dutta,WXHy6bitW,GEN,IT,CSE,TT,APM,NA,17,15538,0
25005369,Kavya Ghosh,PaMVlEwWw,OBC,APM,TT,IT,CSE,NA,78,46389,0
25031888,Sandeep Patel,IHP4WGhQl,ST,CSE,APM,IT,TT,NA,39,27854,0
25101199,Kavya Banerjee,gjPZNWhsi,OBC,TT,APM,IT,CSE,NA,85,34949,0
25080703,Abhishek Rahul Banerjee,18z6amMA6,SC,CSE,TT,IT,APM,NA,29,31550,0
25078813,Sneha Sandeep Kumar,ucsV3vxRQ,ST,IT,APM,CSE,TT,NA,46,10607,0
25100782,Rahul Banerjee,IIY9gVmWk,SC,CSE,TT,APM,IT,NA,51,16483,0
25067725,Abhishek Saha,uqatJmDki,ST,TT,APM,CSE,IT,NA,39,37922,0
25007062,Sandeep Verma,QhIH21AJ3,OBC,CSE,IT,APM,TT,NA,36,26637,0
25094292,Neha Sourav Banerjee,yXhlD8xFD,SC,TT,APM,IT,CSE,NA,12,32545,0
25060782,Arjun Dutta,4nvDwYvzg,GEN,APM,CSE,IT,TT,NA,36,36849,0
25027456,Ishita Iyer,ZQE0XMpHL,OBC,IT,TT,APM,CSE,NA,100,45776,0
25022718,Arjun Priya Patel,fBJPyWd3r,SC,TT,CSE,IT,APM,NA,41,4630,0
25017182,Nikhil Shreya Agarwal,KS7nEAJ4s,ST,IT,TT,APM,CSE,NA,49,33598,0
25092568,Aishwarya Roy,ZRyjXZqGq,GEN,APM,TT,CSE,IT,NA,72,38492,0
25058160,Arjun Rahul Banerjee,aNZ3nPNuo,ST,APM,IT,CSE,TT,NA,73,5,0
25012473,Rahul Swati Kumar,PQvBPVoh7,OBC,CSE,TT,IT,APM,NA,46,25759,0
25024475,Kavya Swati Verma,NUjmIzYFk,SC,APM,CSE,TT,IT,NA,57,10863,0
25096616,Arjun Vikas Kumar,SLs0su1xp,OBC,CSE,IT,APM,TT,NA,65,42641,0
25014819,Vikas Vikas Sharma,90nwznEKG,SC,APM,IT,TT,CSE,NA,75,4647,0
25020120,Pranav Iyer,2OAdUaeq2,ST,CSE,TT,APM,IT,NA,48,35808,0
25067520,Aishwarya Singh,XwvTw5tbh,OBC,TT,CSE,IT,APM,NA,78,30267,0
25063190,Riya Sourav Gupta,TYkLV1TWQ,SC,APM,IT,TT,CSE,NA,78,39339,0
25063656,Abhishek Saha,pCaexryoW,OBC,CSE,TT,APM,IT,NA,75,49147,0
25019398,Sourav Iyer,ViM5GRRaZ,ST,IT,APM,CSE,TT,NA,50,41638,0
25010495,Pranav Sneha Sharma,DvyDVYSG5,ST,APM,TT,IT,CSE,NA,26,4542,0
25098797,Kavya Rahul Reddy,dlpLznTSe,ST,TT,APM,CSE,IT,NA,35,40878,0
25054888,Ananya Chatterjee,nptjENDWi,OBC,CSE,TT,IT,APM,NA,45,3459,0
25003411,Aishwarya Das,QTuFoCbsi,GEN,IT,APM,CSE,TT,NA,77,48369,0
25029687,Kunal Sneha Mandal,MYyLOut4y,GEN,TT,CSE,APM,IT,NA,36,10166,0
25009569,Vikas Abhishek Reddy,ieXzh0wa0,SC,TT,APM,CSE,IT,NA,54,9631,0
25066724,Ishita Swati Verma,Dsa7WSUnU,OBC,APM,IT,TT,CSE,NA,1,35210,0
25024113,Riya Amit Patel,5PjrxpK3e,OBC,IT,TT,CSE,APM,NA,11,20463,0
25082815,Sourav Gupta,saQ9HRh43,OBC,CSE,TT,APM,IT,NA,52,3344,0
25043401,Ananya Das,pohAZtr8b,ST,IT,CSE,TT,APM,NA,63,1148,0
25098477,Arjun Sneha Singh,OFMSkv23Y,ST,APM,IT,TT,CSE,NA,51,20042,0
25068248,Rohit Verma,NWahYuxFt,GEN,TT,APM,CSE,IT,NA,3,9278,0
25038853,Pranav Ishita Verma,XlUwkYGnJ,GEN,IT,CSE,TT,APM,NA,24,2570,0
25052783,Rohit Roy,To0GaMELC,SC,TT,APM,CSE,IT,NA,17,10973,0
25089088,Priya Sneha Roy,IB5AQy7Yw,GEN,IT,TT,APM,CSE,NA,68,21545,0
25028668,Ananya Kumar,EfwyNVHdZ,SC,APM,IT,CSE,TT,NA,68,23541,0
25010449,Rahul Mandal,3nU45qFIE,OBC,APM,IT,CSE,TT,NA,4,26886,0
25045147,Shreya Singh,W3lIctgV6,ST,APM,TT,IT,CSE,NA,47,32278,0
25040866,Pooja Riya Das,r2enswcyi,OBC,APM,TT,CSE,IT,NA,7,39845,0
25072584,Abhishek Banerjee,A8Wu5JCea,GEN,CSE,TT,APM,IT,NA,42,22359,0
25076451,Abhishek Saha,TD44EtiSq,GEN,IT,CSE,TT,APM,NA,34,11087,0
25041115,Nikhil Verma,CfkypcnsO,GEN,IT,CSE,APM,TT,NA,57,16960,0
25041145,Neha Iyer,953wcDVvK,OBC,TT,CSE,IT,APM,NA,42,20618,0
25017930,Kunal Verma,6nRauXLSm,OBC,IT,TT,APM,CSE,NA,60,19913,0
25007283,Ananya Pooja Ghosh,Y3w2BAmwD,SC,TT,IT,CSE,APM,NA,78,34704,0
25066442,Shreya Mandal,tJzxjGNY0,SC,TT,IT,CSE,APM,NA,81,32150,0
25008034,Nikhil Roy,y1Ab0JJ5Y,OBC,IT,TT,CSE,APM,NA,60,10973,0
25058782,Sneha Priya Banerjee,YlxjkOLzX,OBC,IT,CSE,APM,TT,NA,89,26521,0
25058984,Ananya Reddy,Yc9Q2M9ve,GEN,IT,CSE,TT,APM,NA,50,6555,0
25063754,Sourav Ishita Ghosh,RWas8hS46,SC,CSE,APM,IT,TT,NA,97,22737,0
25018087,Pooja Riya Sharma,FxeAOhshF,SC,APM,IT,CSE,TT,NA,77,42576,0
25033110,Arjun Patel,0T07qocTx,ST,TT,APM,IT,CSE,NA,99,48787,0
25063722,Sourav Dutta,4vJkm7FuD,ST,IT,APM,CSE,TT,NA,42,3235,0
25035461,Arjun Patel,RimhoVmkI,SC,TT,APM,IT,CSE,NA,65,24216,0
25042226,Rahul Joshi,YmfclJX1M,ST,CSE,IT,TT,APM,NA,34,49182,0
25018187,Nikhil Abhishek Roy,BZn6nvouL,GEN,IT,APM,TT,CSE,NA,60,24196,0
25013383,Arjun Sharma,x75yIppzf,GEN,TT,CSE,IT,APM,NA,99,16013,0
25022603,Anirban Ghosh,RuCt05KD3,GEN,APM,IT,TT,CSE,NA,100,35819,0
25030373,Vikas Chatterjee,EIrGCTlp4,SC,TT,APM,IT,CSE,NA,95,44220,0
25097401,Kavya Kunal Patel,pAEM2EGjM,OBC,TT,CSE,IT,APM,NA,74,10203,0
25054561,Nikhil Sharma,PgjkAmrYT,ST,APM,TT,CSE,IT,NA,66,21345,0
25074674,Rohit Vikas Kumar,DSEzrShG2,GEN,IT,TT,APM,CSE,NA,57,37967,0
25025883,Neha Singh,FJLyAIntl,ST,TT,APM,IT,CSE,NA,35,39683,0
25035669,Abhishek Neha Mandal,eknIEc8on,SC,APM,IT,CSE,TT,NA,59,8835,0
25087760,Rohit Ananya Gupta,GzDFB3XUc,OBC,IT,CSE,TT,APM,NA,52,23804,0
25058229,Rohit Abhishek Gupta,KgYruZvae,GEN,CSE,IT,APM,TT,NA,21,19091,0
25062454,Pooja Anirban Agarwal,yh4qK0K5T,ST,IT,TT,APM,CSE,NA,94,40163,0
25006084,Rahul Swati Kumar,tfkHBB2Um,OBC,TT,APM,CSE,IT,NA,16,30838,0
25030511,Ananya Mandal,dK3FgCXgs,OBC,CSE,TT,APM,IT,NA,25,30164,0
25002599,Anirban Gupta,ut5yjmAfB,GEN,APM,IT,CSE,TT,NA,61,37713,0
25065348,Amit Verma,WhwpYGPfX,SC,TT,IT,APM,CSE,NA,65,41009,0
25031775,Pranav Mandal,YfthKLfHn,GEN,TT,APM,IT,CSE,NA,82,1969,0
25043266,Anirban Sharma,rWEPEhXyt,SC,TT,CSE,IT,APM,NA,68,11805,0
25055149,Neha Banerjee,xZC5jFdEI,OBC,IT,APM,TT,CSE,NA,13,6124,0
25012817,Sourav Chatterjee,NoQrQKyBG,OBC,CSE,IT,APM,TT,NA,32,13378,0
25019309,Rahul Joshi,7FwGN5p0B,OBC,APM,CSE,TT,IT,NA,1,45239,0
25029553,Arjun Pooja Ghosh,oO3Qc0pTV,ST,IT,TT,CSE,APM,NA,73,18909,0
25073291,Shreya Chatterjee,fvl92BfoG,GEN,APM,TT,CSE,IT,NA,63,7786,0
25055878,Priya Sandeep Sharma,74jakR4x0,ST,IT,TT,APM,CSE,NA,85,27786,0
25031455,Tanvi Kunal Singh,0HyrDAh89,ST,TT,CSE,APM,IT,NA,27,3579,0
25018298,Aishwarya Kavya Banerjee,JL97LOkn6,SC,APM,CSE,IT,TT,NA,82,34744,0
25092467,Anirban Swati Chatterjee,FMBh0F628,ST,APM,TT,IT,CSE,NA,83,40151,0
25093619,Aishwarya Ghosh,d2Z2DgFSj,SC,CSE,APM,IT,TT,NA,30,46061,0
25038210,Abhishek Ishita Joshi,r8bdWT7xs,OBC,APM,CSE,IT,TT,NA,20,43433,0
25030559,Kavya Pranav Reddy,J6uBfHeqx,ST,TT,APM,CSE,IT,NA,23,19031,0
25034152,Swati Rahul Reddy,aOl0eRpd8,GEN,TT,IT,CSE,APM,NA,97,44650,0
25061341,Sourav Priya Ghosh,ovWtCpsWA,GEN,IT,CSE,TT,APM,NA,5,36722,0
25012348,Anirban Joshi,UDpBm3PhL,SC,APM,CSE,IT,TT,NA,11,13936,0
25073497,Kunal Rohit Roy,stUvqxapH,GEN,CSE,APM,IT,TT,NA,18,15908,0
25012342,Riya Dutta,iL0mJq6l7,GEN,TT,CSE,IT,APM,NA,60,2127,0
25033149,Sneha Agarwal,XvNz6K7C6,SC,TT,IT,CSE,APM,NA,87,49002,0
25004370,Rohit Amit Sharma,uwBNj0G0H,ST,APM,TT,IT,CSE,NA,2,12890,0
25001404,Neha Kumar,WII7UQpvb,OBC,CSE,APM,IT,TT,NA,98,40834,0
25062206,Kavya Anirban Roy,91RvGaCwn,SC,APM,IT,CSE,TT,NA,91,49824,0
25089326,Rahul Agarwal,dvN6t7DQc,SC,APM,CSE,IT,TT,NA,97,31876,0
25017590,Sneha Iyer,fOy91Ecry,SC,APM,TT,IT,CSE,NA,11,49149,0
25043835,Amit Arjun Joshi,IhHlP9DtK,ST,CSE,IT,TT,APM,NA,58,17578,0
25009919,Riya Roy,SCAOKAndk,ST,TT,APM,CSE,IT,NA,32,33074,0
25095010,Ananya Sharma,N3sKR9jhL,ST,IT,APM,CSE,TT,NA,77,8975,0
25050906,Vikas Kunal Chatterjee,t8sraP0gM,SC,IT,APM,CSE,TT,NA,61,46776,0
25087412,Rohit Riya Kumar,IpMMnatpv,ST,APM,IT,CSE,TT,NA,32,38126,0
25007122,Swati Abhishek Gupta,bSXqEp3S7,ST,CSE,APM,TT,IT,NA,78,2657,0
25088541,Kavya Shreya Agarwal,QgKf4JvKG,ST,TT,APM,CSE,IT,NA,54,10064,0
25049625,Tanvi Chatterjee,xnXPMinv4,SC,IT,CSE,TT,APM,NA,70,14793,0
25019469,Neha Riya Chatterjee,SJDuOEMBB,OBC,TT,APM,IT,CSE,NA,25,43563,0
25040969,Priya Rahul Gupta,wxVd3lSRF,OBC,CSE,APM,TT,IT,NA,0,35291,0
25031230,Vikas Swati Ghosh,bfFtoNDdC,OBC,TT,IT,APM,CSE,NA,59,22030,0
25019607,Priya Joshi,ZOIjE8hMS,SC,APM,TT,IT,CSE,NA,89,2415,0
25099733,Pranav Rahul Das,1lEtvyTFY,GEN,IT,TT,CSE,APM,NA,41,20516,0
25002243,Ananya Kunal Sharma,QYxp3JWUV,ST,TT,CSE,IT,APM,NA,80,36674,0
25020317,Pooja Banerjee,JAWgudjaM,ST,IT,CSE,TT,APM,NA,37,21068,0
25028753,Sandeep Mehta,L1Z3c9hNM,SC,TT,CSE,IT,APM,NA,2,42444,0
25097284,Ishita Das,rJLA0OtKD,OBC,IT,CSE,TT,APM,NA,75,30530,0
25050218,Amit Tanvi Ghosh,7abvej4oY,OBC,CSE,TT,APM,IT,NA,96,40794,0
25039564,Sourav Shreya Mukherjee,8CXOQCPqI,GEN,APM,IT,CSE,TT,NA,90,40996,0
25046262,Aishwarya Sandeep Agarwal,T3GdK2wnC,OBC,CSE,APM,IT,TT,NA,15,2214,0
25011159,Pranav Patel,pdZVUvY3E,SC,TT,CSE,IT,APM,NA,86,27202,0
25003672,Vikas Ghosh,9qcTWmMT4,ST,IT,TT,APM,CSE,NA,60,3501,0
25070115,Neha Pranav Singh,TsoiDKVeu,ST,IT,APM,CSE,TT,NA,45,3724,0
25018840,Arjun Gupta,wTysB3Xot,GEN,IT,TT,APM,CSE,NA,49,1070,0
25040510,Sourav Sharma,w2GOwXzRf,SC,CSE,IT,APM,TT,NA,61,35642,0
25067303,Kavya Anirban Mandal,hBWtrExpK,ST,APM,TT,IT,CSE,NA,80,48844,0
25090624,Arjun Anirban Iyer,HlxFTAyZP,SC,IT,TT,CSE,APM,NA,24,49428,0
25049719,Kunal Rohit Dutta,GtNKIFfh3,GEN,IT,TT,APM,CSE,NA,78,43193,0
25047932,Kavya Sharma,kcbuxdomi,OBC,IT,TT,APM,CSE,NA,82,49112,0
25010087,Rahul Shreya Iyer,HASR8WVsM,SC,APM,IT,TT,CSE,NA,51,10327,0
25005349,Swati Tanvi Mukherjee,Upg4XUnsE,ST,IT,TT,CSE,APM,NA,23,995,0
25059725,Sneha Patel,1b9zZxPJ5,GEN,TT,IT,APM,CSE,NA,33,44251,0
25002937,Ananya Kunal Das,eoVObbsYK,OBC,CSE,IT,TT,APM,NA,67,25834,0
25017463,Tanvi Sourav Kumar,VxnLhatwp,ST,CSE,APM,TT,IT,NA,16,4513,0
25093559,Amit Sharma,JiXbnY8Z4,ST,TT,IT,CSE,APM,NA,50,15479,0
25068594,Rohit Agarwal,M1wbfZooR,OBC,IT,TT,CSE,APM,NA,69,49019,0
25005286,Sandeep Arjun Gupta,NDFKhTsPt,GEN,IT,CSE,TT,APM,NA,9,9905,0
25016629,Shreya Ghosh,zP6o6pncn,ST,IT,TT,APM,CSE,NA,43,23978,0
25051295,Sneha Aishwarya Iyer,cjkPqJ8oT,OBC,APM,CSE,TT,IT,NA,19,17058,0
25066407,Abhishek Iyer,CJxzZ7s3p,SC,APM,TT,CSE,IT,NA,55,22473,0
25068865,Ishita Priya Patel,LOyx4Jzt9,GEN,TT,CSE,IT,APM,NA,9,41217,0
25071011,Shreya Amit Kumar,ATjeMGAEy,OBC,APM,CSE,IT,TT,NA,50,33809,0
25030591,Sandeep Pooja Saha,A0hQAZewI,ST,TT,CSE,IT,APM,NA,36,29655,0
25052792,Sourav Reddy,Nh9un7Vam,GEN,IT,CSE,TT,APM,NA,64,4566,0
25077027,Riya Mukherjee,HkMQ2kvqs,SC,IT,TT,APM,CSE,NA,96,37085,0
25034616,Pranav Verma,WMNB2kqbJ,SC,APM,TT,IT,CSE,NA,53,44245,0
25027612,Sandeep Tanvi Mukherjee,KniBhDTWh,OBC,TT,IT,APM,CSE,NA,35,46057,0
25093732,Anirban Swati Mukherjee,kgKpLpDd6,SC,TT,CSE,IT,APM,NA,5,28053,0
25051488,Neha Sharma,rmtOu2CzP,GEN,IT,CSE,APM,TT,NA,40,16768,0
25095579,Ananya Kumar,fowViky7F,ST,APM,IT,CSE,TT,NA,13,40545,0
25016740,Sourav Dutta,puvrqZJUp,GEN,APM,TT,IT,CSE,NA,51,9329,0
25086478,Ananya Ishita Joshi,9BScDZhCB,ST,TT,APM,CSE,IT,NA,80,17556,0
25099262,Tanvi Abhishek Joshi,auGGuJFnf,OBC,IT,TT,APM,CSE,NA,17,46222,0
25029183,Priya Roy,u1gVh4YEg,ST,CSE,APM,TT,IT,NA,0,37593,0
25057033,Kunal Iyer,UKD8N7aQC,SC,APM,CSE,IT,TT,NA,11,18866,0
25089652,Vikas Mukherjee,HAP01f9U0,SC,IT,CSE,APM,TT,NA,10,33153,0
25035667,Aishwarya Pranav Mukherjee,icEyi2ZOq,SC,APM,TT,CSE,IT,NA,11,34936,0
25043592,Sourav Mandal,O8I8V58uo,GEN,APM,CSE,IT,TT,NA,40,16939,0
25055685,Riya Sneha Saha,Px7QEtGh9,GEN,IT,TT,CSE,APM,NA,68,25136,0
25037879,Pranav Shreya Chatterjee,gkgQxv8SB,GEN,TT,CSE,IT,APM,NA,4,42683,0
25084946,Vikas Abhishek Verma,4SIeqd25y,ST,IT,APM,TT,CSE,NA,3,34435,0
25034341,Abhishek Patel,siA3cAbZN,ST,TT,APM,CSE,IT,NA,70,35731,0
25100947,Sourav Kumar,O9mJEHUMH,SC,APM,TT,IT,CSE,NA,34,43595,0
25055459,Vikas Pranav Agarwal,8IpCyqeBk,GEN,CSE,IT,APM,TT,NA,54,28410,0
25018685,Anirban Anirban Mukherjee,d9LEaVeZY,OBC,TT,APM,IT,CSE,NA,43,44454,0
25086490,Nikhil Neha Patel,egc2GejMS,SC,TT,APM,CSE,IT,NA,34,22563,0
25019716,Aishwarya Joshi,ZNw1zFx2u,GEN,CSE,TT,APM,IT,NA,9,44133,0
25036013,Sourav Shreya Mukherjee,ZZqc70YsG,ST,APM,TT,IT,CSE,NA,26,20918,0
25065193,Aishwarya Kumar,UVzq1fzV8,OBC,APM,CSE,IT,TT,NA,30,2826,0
25068106,Pranav Ananya Mandal,xlkq3UWxb,SC,CSE,IT,APM,TT,NA,87,18954,0
25099621,Arjun Mukherjee,NvLfmynhQ,GEN,APM,CSE,TT,IT,NA,36,30402,0
25092646,Nikhil Abhishek Joshi,47ZY1HTTs,GEN,IT,CSE,TT,APM,NA,82,24454,0
25005192,Ishita Mandal,Mp9sAAbIc,ST,CSE,IT,APM,TT,NA,95,31400,0
25024979,Nikhil Das,irrK8fTMu,GEN,CSE,TT,IT,APM,NA,44,8918,0
25025204,Ananya Rohit Chatterjee,vPQv34PdX,SC,TT,APM,CSE,IT,NA,53,44710,0
25030793,Swati Arjun Saha,2UprZO0xh,GEN,APM,IT,TT,CSE,NA,36,48836,0
25028623,Tanvi Aishwarya Agarwal,Ez4PY1n6i,GEN,CSE,APM,IT,TT,NA,6,32942,0
25045047,Swati Rohit Saha,Gup4b6ohf,SC,TT,CSE,APM,IT,NA,11,4178,0
25092513,Aishwarya Shreya Dutta,gB8nNeR8s,OBC,CSE,TT,IT,APM,NA,95,5425,0
25040532,Tanvi Patel,GiKl3waRn,SC,APM,IT,CSE,TT,NA,61,19448,0
25016765,Kavya Ananya Verma,ajFj45NgE,GEN,TT,CSE,APM,IT,NA,23,36737,0
25099466,Kavya Singh,fvtzUYSrW,SC,CSE,APM,IT,TT,NA,72,47379,0
25008929,Rohit Vikas Gupta,SFW7NSPK8,OBC,TT,IT,CSE,APM,NA,78,16208,0
25049771,Sandeep Patel,krLaRa2y3,GEN,CSE,APM,TT,IT,NA,97,629,0
25056311,Ishita Agarwal,GdIL9CXOZ,ST,TT,IT,APM,CSE,NA,68,12468,0
25100128,Amit Patel,Qvm3ZUDeH,GEN,APM,IT,CSE,TT,NA,83,18016,0
25043190,Aishwarya Abhishek Das,w1IJRgvML,SC,TT,APM,CSE,IT,NA,96,2709,0
25068545,Anirban Kumar,FbvzQOm1e,GEN,TT,CSE,APM,IT,NA,93,8900,0
25100638,Shreya Vikas Agarwal,WmoZM4yJM,OBC,TT,IT,CSE,APM,NA,81,26574,0
25035185,Riya Riya Das,pKjVZXNyL,OBC,CSE,APM,TT,IT,NA,87,35268,0
25042166,Swati Anirban Ghosh,8LcCUmi81,SC,IT,TT,CSE,APM,NA,49,37047,0
25030728,Ananya Aishwarya Saha,TWJXunV9D,GEN,IT,TT,APM,CSE,NA,70,45607,0
25039151,Kavya Kunal Agarwal,xnf4pVnGA,OBC,APM,TT,CSE,IT,NA,53,3918,0
25050213,Abhishek Gupta,XoRFxKeRi,SC,IT,CSE,TT,APM,NA,13,24081,0
25063131,Shreya Kunal Verma,1wKDPU7dd,ST,APM,TT,CSE,IT,NA,0,49216,0
25042647,Rohit Priya Das,nfWGImPfs,ST,CSE,IT,TT,APM,NA,68,14926,0
25002583,Pranav Abhishek Banerjee,ALbSAwcRZ,SC,IT,TT,CSE,APM,NA,66,14212,0
25100365,Kunal Priya Sharma,yv25d3kfH,OBC,APM,TT,CSE,IT,NA,75,5750,0
25061568,Neha Kunal Agarwal,d0PZKzdLa,SC,TT,APM,IT,CSE,NA,27,48266,0
25086363,Pranav Verma,PzBIk8FoY,OBC,APM,TT,CSE,IT,NA,34,7882,0
25012681,Sourav Banerjee,frqMbN1DR,GEN,CSE,IT,APM,TT,NA,61,3631,0
25005642,Ishita Das,Gr8Bfz6Hz,OBC,CSE,IT,APM,TT,NA,68,31844,0
25030745,Swati Aishwarya Chatterjee,iAPqwBbRW,OBC,APM,IT,CSE,TT,NA,4,19801,0
25094400,Vikas Iyer,Szj4eCfkf,ST,TT,IT,APM,CSE,NA,98,49363,0
25064881,Shreya Amit Singh,yPDIfm1QB,SC,TT,APM,IT,CSE,NA,15,2183,0
25046037,Aishwarya Kunal Chatterjee,sItFSxYT7,GEN,APM,IT,CSE,TT,NA,10,42423,0
25005110,Nikhil Shreya Das,qmfN3zGMa,OBC,APM,TT,IT,CSE,NA,28,48733,0
25078170,Riya Das,uJyoYJHPR,ST,APM,CSE,TT,IT,NA,74,44296,0
25040711,Amit Roy,DFGDN30uw,ST,CSE,TT,APM,IT,NA,44,30325,0
25013200,Ishita Reddy,Mckk0NwDN,GEN,IT,APM,TT,CSE,NA,54,45420,0
25054723,Sandeep Vikas Agarwal,vaSi9Qof0,OBC,APM,CSE,TT,IT,NA,11,23689,0
25067059,Anirban Priya Iyer,rX66qrWLu,GEN,TT,IT,CSE,APM,NA,10,8032,0
25016506,Riya Dutta,gYnT3qoUm,SC,IT,APM,CSE,TT,NA,33,43148,0
25092237,Swati Reddy,WqFN5GBjW,OBC,IT,CSE,APM,TT,NA,50,41058,0
25073010,Sandeep Sandeep Roy,4XSZZTKut,ST,APM,TT,CSE,IT,NA,97,39977,0
25081560,Sandeep Kunal Banerjee,xxrkB3BcJ,ST,IT,TT,APM,CSE,NA,70,17670,0
25051995,Rohit Tanvi Reddy,5z87fcQvI,ST,TT,CSE,APM,IT,NA,30,39756,0
25023565,Tanvi Sourav Verma,2TAv0xvn1,GEN,CSE,IT,TT,APM,NA,72,13850,0
25060265,Swati Riya Chatterjee,Zthj7bObt,OBC,TT,IT,CSE,APM,NA,67,26979,0
25008250,Shreya Pooja Kumar,nRq5VOGXl,ST,APM,IT,TT,CSE,NA,43,18852,0
25052164,Kavya Dutta,jNa4Zlliq,OBC,TT,CSE,IT,APM,NA,68,28386,0
25006200,Nikhil Mukherjee,f8PrFuIEd,ST,IT,APM,CSE,TT,NA,24,1619,0
25059063,Sneha Roy,xow5eeRPc,GEN,APM,IT,TT,CSE,NA,1,29997,0
25017178,Tanvi Agarwal,FWf0jXyCm,ST,APM,TT,IT,CSE,NA,88,1859,0
25101200,Jasprit Bumrah,696969,GEN,CSE,IT,TT,APM,NA,79,6000,0
25101201,Ruhan Khanna,696969,GEN,CSE,IT,TT,APM,NA,89,4084,0
